og_number	global_number	parent_layer_group_number	family_number	magnetic_type	litvin_og_symbol_ascii	magnetic_point_group_symbol	source_pdf_page	point_operation_names	primed_operation_indices	anti_translation	corresponding_msg_bns_number	corresponding_msg_uni_number	corresponding_msg_og_number	basis_transform
1.1.1	1	1	1	I	p1	1	13	1			1.1	1	1.1.1	I
1.2.2	2	1	2	II	p11'	11'	15	1			1.2	2	1.2.2	I
1.3.3	3	1	3	IV	p2a1	11'	17	1		1,0,0	1.3	3	1.3.3	I
2.1.4	4	2	1	I	p-1	-1	19	1,-1			2.4	4	2.1.4	I
2.2.5	5	2	2	II	p-11'	-11'	21	1,-1			2.5	5	2.2.5	I
2.3.6	6	2	3	III	p-1'	-1'	23	1,-1	2		2.6	6	2.3.6	I
2.4.7	7	2	4	IV	p-2a1	-11'	25	1,-1		1,0,0	2.7	7	2.4.7	I
3.1.8	8	3	1	I	p112	2	27	1,2_001			3.1	8	3.1.8	I
3.2.9	9	3	2	II	p1121'	21'	29	1,2_001			3.2	9	3.2.9	I
3.3.10	10	3	3	III	p112'	2'	31	1,2_001	2		3.3	10	3.3.10	I
3.4.11	11	3	4	IV	p2a112	21'	33	1,2_001		1,0,0	3.4	11	3.4.11	P3
4.1.12	12	4	1	I	p11m	m	35	1,m_001			6.18	25	6.1.25	I
4.2.13	13	4	2	II	p11m1'	m1'	37	1,m_001			6.19	26	6.2.26	I
4.3.14	14	4	3	III	p11m'	m'	39	1,m_001	2		6.20	27	6.3.27	I
4.4.15	15	4	4	IV	p2a11m	m1'	41	1,m_001		1,0,0	6.21	28	6.4.28	P3
4.5.16	16	4	5	IV	p2a11m'	m1'	43	1,m_001		1,0,0	7.28	35	6.7.31	I
5.1.17	17	5	1	I	p11a	m	45	1,m_001			7.24	31	7.1.32	I
5.2.18	18	5	2	II	p11a1'	m1'	47	1,m_001			7.25	32	7.2.33	I
5.3.19	19	5	3	III	p11a'	m'	49	1,m_001	2		7.26	33	7.3.34	I
5.4.20	20	5	4	IV	p2b11a	m1'	51	1,m_001		0,1,0	7.27	34	7.4.35	I
6.1.21	21	6	1	I	p112/m	2/m	53	1,2_001,-1,m_001			10.42	49	10.1.49	I
6.2.22	22	6	2	II	p112/m1'	2/m1'	55	1,2_001,-1,m_001			10.43	50	10.2.50	I
6.3.23	23	6	3	III	p112'/m	2'/m	57	1,2_001,-1,m_001	2,3		10.44	51	10.3.51	I
6.4.24	24	6	4	III	p112/m'	2/m'	59	1,2_001,-1,m_001	3,4		10.45	52	10.4.52	I
6.5.25	25	6	5	III	p112'/m'	2'/m'	61	1,2_001,-1,m_001	2,4		10.46	53	10.5.53	I
6.6.26	26	6	6	IV	p2a112/m	2/m1'	63	1,2_001,-1,m_001		1,0,0	10.47	54	10.6.54	P3
6.7.27	27	6	7	IV	p2a112'/m'	2/m1'	65	1,2_001,-1,m_001		1,0,0	13.72	79	10.10.58	I
7.1.28	28	7	1	I	p112/a	2/m	67	1,2_001,-1,m_001			13.65	72	13.1.77	I
7.2.29	29	7	2	II	p112/a1'	2/m1'	69	1,2_001,-1,m_001			13.66	73	13.2.78	I
7.3.30	30	7	3	III	p112'/a	2'/m	71	1,2_001,-1,m_001	2,3		13.67	74	13.3.79	I
7.4.31	31	7	4	III	p112/a'	2/m'	73	1,2_001,-1,m_001	3,4		13.68	75	13.4.80	I
7.5.32	32	7	5	III	p112'/a'	2'/m'	75	1,2_001,-1,m_001	2,4		13.69	76	13.5.81	I
7.6.33	33	7	6	IV	p2b112/a	2/m1'	77	1,2_001,-1,m_001		0,1,0	13.70	77	13.6.82	I
8.1.34	34	8	1	I	p211	2	79	1,2_100			3.1	8	3.1.8	P2
8.2.35	35	8	2	II	p2111'	21'	81	1,2_100			3.2	9	3.2.9	P2
8.3.36	36	8	3	III	p2'11	2'	83	1,2_100	2		3.3	10	3.3.10	P2
8.4.37	37	8	4	IV	p2a2'11	21'	85	1,2_100		1,0,0	4.11	18	3.7.14	P2
8.5.38	38	8	5	IV	pc211	21'	87	1,2_100		0,1,0	5.17	24	3.6.13	P4
8.6.39	39	8	6	IV	p2a211	21'	89	1,2_100		1,0,0	3.5	12	3.5.12	P2
8.7.40	40	8	7	IV	p2b211	21'	91	1,2_100		0,1,0	3.4	11	3.4.11	P4
9.1.41	41	9	1	I	p2111	2	93	1,2_100			4.7	14	4.1.15	P2
9.2.42	42	9	2	II	p21111'	21'	95	1,2_100			4.8	15	4.2.16	P2
9.3.43	43	9	3	III	p21'11	2'	97	1,2_100	2		4.9	16	4.3.17	P2
9.4.44	44	9	4	IV	p2b2111	21'	99	1,2_100		0,1,0	4.10	17	4.4.18	P4
10.1.45	45	10	1	I	c211	2	101	1,2_100			5.13	20	5.1.19	P4
10.2.46	46	10	2	II	c2111'	21'	103	1,2_100			5.14	21	5.2.20	P4
10.3.47	47	10	3	III	c2'11	2'	105	1,2_100	2		5.15	22	5.3.21	P4
10.4.48	48	10	4	IV	cp211	21'	107	1,2_100		1/2,1/2,0	3.6	13	5.5.23	P4
10.5.49	49	10	5	IV	cp2'11	21'	109	1,2_100		1/2,1/2,0	4.12	19	5.6.24	P4
11.1.50	50	11	1	I	pm11	m	111	1,m_100			6.18	25	6.1.25	P2
11.2.51	51	11	2	II	pm111'	m1'	113	1,m_100			6.19	26	6.2.26	P2
11.3.52	52	11	3	III	pm'11	m'	115	1,m_100	2		6.20	27	6.3.27	P2
11.4.53	53	11	4	IV	p2am11	m1'	117	1,m_100		1,0,0	6.22	29	6.5.29	P2
11.5.54	54	11	5	IV	p2bm11	m1'	119	1,m_100		0,1,0	6.21	28	6.4.28	P4
11.6.55	55	11	6	IV	p2bm'11	m1'	121	1,m_100		0,1,0	7.28	35	6.7.31	P2
11.7.56	56	11	7	IV	pcm11	m1'	123	1,m_100		0,1,0	8.36	43	6.6.30	P4
12.1.57	57	12	1	I	pb11	m	125	1,m_100			7.24	31	7.1.32	P2
12.2.58	58	12	2	II	pb111'	m1'	127	1,m_100			7.25	32	7.2.33	P2
12.3.59	59	12	3	III	pb'11	m'	129	1,m_100	2		7.26	33	7.3.34	P2
12.4.60	60	12	4	IV	p2ab11	m1'	131	1,m_100		1,0,0	7.29	36	7.5.36	P2
13.1.61	61	13	1	I	cm11	m	133	1,m_100			8.32	39	8.1.38	P4
13.2.62	62	13	2	II	cm111'	m1'	135	1,m_100			8.33	40	8.2.39	P4
13.3.63	63	13	3	III	cm'11	m'	137	1,m_100	2		8.34	41	8.3.40	P4
13.4.64	64	13	4	IV	cpm11	m1'	139	1,m_100		1/2,1/2,0	6.23	30	8.5.42	P4
13.5.65	65	13	5	IV	cpm'11	m1'	141	1,m_100		1/2,1/2,0	7.31	38	8.7.44	P2
14.1.66	66	14	1	I	p2/m11	2/m	143	1,2_100,-1,m_100			10.42	49	10.1.49	P2
14.2.67	67	14	2	II	p2/m111'	2/m1'	145	1,2_100,-1,m_100			10.43	50	10.2.50	P2
14.3.68	68	14	3	III	p2/m'11	2/m'	147	1,2_100,-1,m_100	3,4		10.45	52	10.4.52	P2
14.4.69	69	14	4	III	p2'/m11	2'/m	149	1,2_100,-1,m_100	2,3		10.44	51	10.3.51	P2
14.5.70	70	14	5	III	p2'/m'11	2'/m'	151	1,2_100,-1,m_100	2,4		10.46	53	10.5.53	P2
14.6.71	71	14	6	IV	p2a2'/m'11	2/m1'	153	1,2_100,-1,m_100		1,0,0	11.56	63	10.9.57	P2
14.7.72	72	14	7	IV	p2b2'/m'11	2/m1'	155	1,2_100,-1,m_100		0,1,0	13.72	79	10.10.58	P2
14.8.73	73	14	8	IV	pc2/m11	2/m1'	157	1,2_100,-1,m_100		0,1,0	12.64	71	10.8.56	P4
14.9.74	74	14	9	IV	p2a2/m11	2/m1'	159	1,2_100,-1,m_100		1,0,0	10.48	55	10.7.55	P2
14.10.75	75	14	10	IV	p2b2/m11	2/m1'	161	1,2_100,-1,m_100		0,1,0	10.47	54	10.6.54	P4
15.1.76	76	15	1	I	p21/m11	2/m	163	1,2_100,-1,m_100			11.50	57	11.1.59	P2
15.2.77	77	15	2	II	p21/m111'	2/m1'	165	1,2_100,-1,m_100			11.51	58	11.2.60	P2
15.3.78	78	15	3	III	p21/m'11	2/m'	167	1,2_100,-1,m_100	3,4		11.53	60	11.4.62	P2
15.4.79	79	15	4	III	p21'/m'11	2'/m'	169	1,2_100,-1,m_100	2,4		11.54	61	11.5.63	P2
15.5.80	80	15	5	III	p21'/m11	2'/m	171	1,2_100,-1,m_100	2,3		11.52	59	11.3.61	P2
15.6.81	81	15	6	IV	p2b21'/m'11	2/m1'	173	1,2_100,-1,m_100		0,1,0	14.82	89	11.7.65	P2
15.7.82	82	15	7	IV	p2b21/m11	2/m1'	175	1,2_100,-1,m_100		0,1,0	11.55	62	11.6.64	P4
16.1.83	83	16	1	I	p2/b11	2/m	177	1,2_100,-1,m_100			13.65	72	13.1.77	P2
16.2.84	84	16	2	II	p2/b111'	2/m1'	179	1,2_100,-1,m_100			13.66	73	13.2.78	P2
16.3.85	85	16	3	III	p2/b'11	2/m'	181	1,2_100,-1,m_100	3,4		13.68	75	13.4.80	P2
16.4.86	86	16	4	III	p2'/b'11	2'/m'	183	1,2_100,-1,m_100	2,4		13.69	76	13.5.81	P2
16.5.87	87	16	5	III	p2'/b11	2'/m	185	1,2_100,-1,m_100	2,3		13.67	74	13.3.79	P2
16.6.88	88	16	6	IV	p2a2'/b'11	2/m1'	187	1,2_100,-1,m_100		1,0,0	14.81	88	13.9.85	P2
16.7.89	89	16	7	IV	p2a2/b11	2/m1'	189	1,2_100,-1,m_100		1,0,0	13.71	78	13.7.83	P2
17.1.90	90	17	1	I	p21/b11	2/m	191	1,2_100,-1,m_100			14.75	82	14.1.86	P2
17.2.91	91	17	2	II	p21/b111'	2/m1'	193	1,2_100,-1,m_100			14.76	83	14.2.87	P2
17.3.92	92	17	3	III	p21/b'11	2/m'	195	1,2_100,-1,m_100	3,4		14.78	85	14.4.89	P2
17.4.93	93	17	4	III	p21'/b'11	2'/m'	197	1,2_100,-1,m_100	2,4		14.79	86	14.5.90	P2
17.5.94	94	17	5	III	p21'/b11	2'/m	199	1,2_100,-1,m_100	2,3		14.77	84	14.3.88	P2
18.1.95	95	18	1	I	c2/m11	2/m	201	1,2_100,-1,m_100			12.58	65	12.1.66	P4
18.2.96	96	18	2	II	c2/m111'	2/m1'	203	1,2_100,-1,m_100			12.59	66	12.2.67	P4
18.3.97	97	18	3	III	c2/m'11	2/m'	205	1,2_100,-1,m_100	3,4		12.61	68	12.4.69	P4
18.4.98	98	18	4	III	c2'/m'11	2'/m'	207	1,2_100,-1,m_100	2,4		12.62	69	12.5.70	P4
18.5.99	99	18	5	III	c2'/m11	2'/m	209	1,2_100,-1,m_100	2,3		12.60	67	12.3.68	P4
18.6.100	100	18	6	IV	cp2/m11	2/m1'	211	1,2_100,-1,m_100		1/2,1/2,0	10.49	56	12.7.72	P4
18.7.101	101	18	7	IV	cp2/m'11	2/m1'	213	1,2_100,-1,m_100		1/2,1/2,0	13.73	80	12.10.75	P2
18.8.102	102	18	8	IV	cp2'/m'11	2/m1'	215	1,2_100,-1,m_100		1/2,1/2,0	14.83	90	12.11.76	P2
18.9.103	103	18	9	IV	cp2'/m11	2/m1'	217	1,2_100,-1,m_100		1/2,1/2,0	11.57	64	12.9.74	P4
19.1.104	104	19	1	I	p222	222	219	1,2_001,2_010,2_100			16.1	99	16.1.99	I
19.2.105	105	19	2	II	p2221'	2221'	222	1,2_001,2_010,2_100			16.2	100	16.2.100	I
19.3.106	106	19	3	III	p2'2'2	2'2'2	225	1,2_001,2_010,2_100	3,4		16.3	101	16.3.101	I
19.4.107	107	19	4	III	p22'2'	22'2'	228	1,2_001,2_010,2_100	2,3		16.3	101	16.3.101	P2
19.5.108	108	19	5	IV	p2a2'2'2	2221'	231	1,2_001,2_010,2_100		1,0,0	17.12	110	16.7.105	P2
19.6.109	109	19	6	IV	pc222	2221'	234	1,2_001,2_010,2_100		0,1,0	21.43	141	16.5.103	I
19.7.110	110	19	7	IV	p2a222	222	237	1,2_001,2_010,2_100		1,0,0	16.4	102	16.4.102	P3
20.1.111	111	20	1	I	p2122	222	240	1,2_100,2_010,2_001			17.7	105	17.1.106	P2
20.2.112	112	20	2	II	p21221'	2221'	242	1,2_100,2_010,2_001			17.8	106	17.2.107	P2
20.3.113	113	20	3	III	p212'2'	22'2'	244	1,2_100,2_010,2_001	3,4		17.9	107	17.3.108	P2
20.4.114	114	20	4	III	p21'22'	2'22'	246	1,2_100,2_010,2_001	2,4		17.10	108	17.4.109	P4
20.5.115	115	20	5	III	p21'2'2	2'2'2	248	1,2_100,2_010,2_001	2,3		17.10	108	17.4.109	P2
20.6.116	116	20	6	IV	p2b21'2'2	2221'	250	1,2_100,2_010,2_001		0,1,0	18.20	118	17.7.112	I
20.7.117	117	20	7	IV	p2b2122	2221'	252	1,2_100,2_010,2_001		0,1,0	17.11	109	17.5.110	P4
21.1.118	118	21	1	I	p21212	222	254	1,2_001,2_010,2_100			18.16	114	18.1.113	I
21.2.119	119	21	2	II	p212121'	2221'	256	1,2_001,2_010,2_100			18.17	115	18.2.114	I
21.3.120	120	21	3	III	p21'21'2	2'2'2	258	1,2_001,2_010,2_100	3,4		18.18	116	18.3.115	I
21.4.121	121	21	4	III	p2121'2'	22'2'	260	1,2_001,2_010,2_100	2,3		18.19	117	18.4.116	P3
22.1.122	122	22	1	I	c222	222	262	1,2_001,2_010,2_100			21.38	136	21.1.129	I
22.2.123	123	22	2	II	c2221'	2221'	264	1,2_001,2_010,2_100			21.39	137	21.2.130	I
22.3.124	124	22	3	III	c2'2'2	2'2'2	266	1,2_001,2_010,2_100	3,4		21.40	138	21.3.131	I
22.4.125	125	22	4	III	c22'2'	22'2'	268	1,2_001,2_010,2_100	2,3		21.41	139	21.4.132	P3
22.5.126	126	22	5	IV	cp222	2221'	270	1,2_001,2_010,2_100		1/2,1/2,0	16.5	103	21.6.134	I
22.6.127	127	22	6	IV	cp2'2'2	2221'	272	1,2_001,2_010,2_100		1/2,1/2,0	18.23	121	21.9.137	I
22.7.128	128	22	7	IV	cp2'22'	2221'	274	1,2_001,2_010,2_100		1/2,1/2,0	17.13	111	21.10.138	P2
23.1.129	129	23	1	I	pmm2	mm2	276	1,2_001,m_010,m_100			25.57	155	25.1.155	I
23.2.130	130	23	2	II	pmm21'	mm21'	278	1,2_001,m_010,m_100			25.58	156	25.2.156	I
23.3.131	131	23	3	III	pm'm'2	m'm'2	280	1,2_001,m_010,m_100	3,4		25.60	158	25.4.158	I
23.4.132	132	23	4	III	pmm'2'	mm'2'	282	1,2_001,m_010,m_100	2,3		25.59	157	25.3.157	I
23.5.133	133	23	5	IV	p2am'm'2	mm21'	284	1,2_001,m_010,m_100		1,0,0	28.92	190	25.12.166	I
23.6.134	134	23	6	IV	pcmm2	mm21'	286	1,2_001,m_010,m_100		0,1,0	35.170	268	25.7.161	I
23.7.135	135	23	7	IV	p2amm2	mm21'	288	1,2_001,m_010,m_100		1,0,0	25.62	160	25.6.160	P3
24.1.136	136	24	1	I	pma2	mm2	290	1,2_001,m_010,m_100			28.87	185	28.1.185	I
24.2.137	137	24	2	II	pma21'	mm21'	292	1,2_001,m_010,m_100			28.88	186	28.2.186	I
24.3.138	138	24	3	III	pm'a'2	m'm'2	294	1,2_001,m_010,m_100	3,4		28.91	189	28.5.189	I
24.4.139	139	24	4	III	pm'a2'	m'm2'	296	1,2_001,m_010,m_100	2,4		28.89	187	28.3.187	I
24.5.140	140	24	5	III	pma'2'	mm'2'	298	1,2_001,m_010,m_100	2,3		28.90	188	28.4.188	I
24.6.141	141	24	6	IV	p2bm'a'2	mm21'	300	1,2_001,m_010,m_100		0,1,0	32.140	238	28.9.193	I
24.7.142	142	24	7	IV	p2bma2	mm21'	302	1,2_001,m_010,m_100		0,1,0	28.93	191	28.6.190	I
25.1.143	143	25	1	I	pba2	mm2	304	1,2_001,m_010,m_100			32.135	233	32.1.219	I
25.2.144	144	25	2	II	pba21'	mm21'	306	1,2_001,m_010,m_100			32.136	234	32.2.220	I
25.3.145	145	25	3	III	pb'a'2	m'm'2	308	1,2_001,m_010,m_100	3,4		32.138	236	32.4.222	I
25.4.146	146	25	4	III	pba'2'	mm'2'	310	1,2_001,m_010,m_100	2,3		32.137	235	32.3.221	I
26.1.147	147	26	1	I	cmm2	mm2	312	1,2_001,m_010,m_100			35.165	263	35.1.236	I
26.2.148	148	26	2	II	cmm21'	mm21'	314	1,2_001,m_010,m_100			35.166	264	35.2.237	I
26.3.149	149	26	3	III	cm'm'2	m'm'2	316	1,2_001,m_010,m_100	3,4		35.168	266	35.4.239	I
26.4.150	150	26	4	III	cmm'2'	mm'2'	318	1,2_001,m_010,m_100	2,3		35.167	265	35.3.238	I
26.5.151	151	26	5	IV	cpmm2	mm21'	320	1,2_001,m_010,m_100		1/2,1/2,0	25.63	161	35.6.241	I
26.6.152	152	26	6	IV	cpm'm'2	mm21'	322	1,2_001,m_010,m_100		1/2,1/2,0	32.141	239	35.11.246	I
26.7.153	153	26	7	IV	cpmm'2'	mm21'	324	1,2_001,m_010,m_100		1/2,1/2,0	28.97	195	35.10.245	I
27.1.154	154	27	1	I	pm2m	m2m	326	1,2_010,m_100,m_001			25.57	155	25.1.155	P1
27.2.155	155	27	2	II	pm2m1'	m2m1'	328	1,2_010,m_100,m_001			25.58	156	25.2.156	P1
27.3.156	156	27	3	III	pm'2m'	m'2m'	330	1,2_010,m_100,m_001	3,4		25.60	158	25.4.158	P1
27.4.157	157	27	4	III	pm2'm'	m2'm'	332	1,2_010,m_100,m_001	2,4		25.59	157	25.3.157	P1
27.5.158	158	27	5	III	pm'2'm	m'2'm	334	1,2_010,m_100,m_001	2,3		25.59	157	25.3.157	P5
27.6.159	159	27	6	IV	p2bm'2m'	m2m1'	336	1,2_010,m_100,m_001		0,1,0	27.82	180	25.11.165	P1
27.7.160	160	27	7	IV	p2bm'2'm	m2m1'	338	1,2_010,m_100,m_001		0,1,0	26.73	171	25.10.164	P1
27.8.161	161	27	8	IV	p2bm2'm'	m2m1'	340	1,2_010,m_100,m_001		0,1,0	26.73	171	25.10.164	P5
27.9.162	162	27	9	IV	p2am'2m'	m2m1'	342	1,2_010,m_100,m_001		1,0,0	28.92	190	25.12.166	P1
27.10.163	163	27	10	IV	pcm2m	m2m1'	344	1,2_010,m_100,m_001		0,1,0	38.193	291	25.8.162	P3
27.11.164	164	27	11	IV	pcm'2m'	m2m1'	346	1,2_010,m_100,m_001		0,1,0	39.201	299	25.13.167	P3
27.12.165	165	27	12	IV	p2am2m	m2m1'	348	1,2_010,m_100,m_001		1,0,0	25.62	160	25.6.160	P5
27.13.166	166	27	13	IV	p2bm2m	m2m1'	350	1,2_010,m_100,m_001		0,1,0	25.61	159	25.5.159	P1
28.1.167	167	28	1	I	pm21b	m2m	352	1,2_010,m_001,m_100			26.66	164	26.1.168	P5
28.2.168	168	28	2	II	pm21b1'	m2m1'	354	1,2_010,m_001,m_100			26.67	165	26.2.169	P5
28.3.169	169	28	3	III	pm'21b'	m'2m'	356	1,2_010,m_001,m_100	3,4		26.70	168	26.5.172	P5
28.4.170	170	28	4	III	pm'21'b	m'2'm	358	1,2_010,m_001,m_100	2,4		26.68	166	26.3.170	P5
28.5.171	171	28	5	III	pm21'b'	m2'm'	360	1,2_010,m_001,m_100	2,3		26.69	167	26.4.171	P5
28.6.172	172	28	6	IV	p2am21'b'	m2m1'	362	1,2_010,m_001,m_100		1,0,0	31.128	226	26.9.176	P1
28.7.173	173	28	7	IV	p2am21b	m2m1'	364	1,2_010,m_001,m_100		1,0,0	26.71	169	26.6.173	P5
29.1.174	174	29	1	I	pb21m	m2m	366	1,2_010,m_100,m_001			26.66	164	26.1.168	P1
29.2.175	175	29	2	II	pb21m1'	m2m1'	368	1,2_010,m_100,m_001			26.67	165	26.2.169	P1
29.3.176	176	29	3	III	pb'21m'	m'2m'	370	1,2_010,m_100,m_001	3,4		26.70	168	26.5.172	P1
29.4.177	177	29	4	III	pb21'm'	m2'm'	372	1,2_010,m_100,m_001	2,4		26.68	166	26.3.170	P1
29.5.178	178	29	5	III	pb'21'm	m'2'm	374	1,2_010,m_100,m_001	2,3		26.69	167	26.4.171	P1
29.6.179	179	29	6	IV	p2ab'21m'	m2m1'	376	1,2_010,m_100,m_001		1,0,0	29.104	202	26.10.177	P1
29.7.180	180	29	7	IV	p2ab21m	m2m1'	378	1,2_010,m_100,m_001		1,0,0	26.72	170	26.7.174	P1
30.1.181	181	30	1	I	pb2b	m2m	380	1,2_010,m_001,m_100			27.78	176	27.1.178	P1
30.2.182	182	30	2	II	pb2b1'	m2m1'	382	1,2_010,m_001,m_100			27.79	177	27.2.179	P1
30.3.183	183	30	3	III	pb'2b'	m'2m'	384	1,2_010,m_001,m_100	3,4		27.81	179	27.4.181	P1
30.4.184	184	30	4	III	pb'2'b	m'2'm	386	1,2_010,m_001,m_100	2,4		27.80	178	27.3.180	P5
30.5.185	185	30	5	III	pb2'b'	m2'm'	388	1,2_010,m_001,m_100	2,3		27.80	178	27.3.180	P1
30.6.186	186	30	6	IV	p2ab'2b'	m2m1'	390	1,2_010,m_001,m_100		1,0,0	30.117	215	27.7.184	P1
30.7.187	187	30	7	IV	p2ab2b	m2m1'	392	1,2_010,m_001,m_100		1,0,0	27.83	181	27.5.182	P5
31.1.188	188	31	1	I	pm2a	m2m	394	1,2_010,m_001,m_100			28.87	185	28.1.185	P1
31.2.189	189	31	2	II	pm2a1'	m2m1'	396	1,2_010,m_001,m_100			28.88	186	28.2.186	P1
31.3.190	190	31	3	III	pm'2a'	m'2m'	398	1,2_010,m_001,m_100	3,4		28.91	189	28.5.189	P1
31.4.191	191	31	4	III	pm'2'a	m'2'm	400	1,2_010,m_001,m_100	2,4		28.89	187	28.3.187	P1
31.5.192	192	31	5	III	pm2'a'	m2'm'	402	1,2_010,m_001,m_100	2,3		28.90	188	28.4.188	P1
31.6.193	193	31	6	IV	p2bm2'a'	m2m1'	404	1,2_010,m_001,m_100		0,1,0	31.130	228	28.11.195	P1
31.7.194	194	31	7	IV	p2bm'2'a	m2m1'	406	1,2_010,m_001,m_100		0,1,0	29.106	204	28.10.194	P1
31.8.195	195	31	8	IV	p2bm'2a'	m2m1'	408	1,2_010,m_001,m_100		0,1,0	30.118	216	28.12.196	P1
31.9.196	196	31	9	IV	p2bm2a	m2m1'	410	1,2_010,m_001,m_100		0,1,0	28.94	192	28.7.191	P1
32.1.197	197	32	1	I	pm21n	m2m	412	1,2_010,m_001,m_100			31.123	221	31.1.212	P1
32.2.198	198	32	2	II	pm21n1'	m2m1'	414	1,2_010,m_001,m_100			31.124	222	31.2.213	P1
32.3.199	199	32	3	III	pm'21n'	m'2m'	416	1,2_010,m_001,m_100	3,4		31.127	225	31.5.216	P1
32.4.200	200	32	4	III	pm'21'n	m'2'm	418	1,2_010,m_001,m_100	2,4		31.125	223	31.3.214	P1
32.5.201	201	32	5	III	pm21'n'	m2'm'	420	1,2_010,m_001,m_100	2,3		31.126	224	31.4.215	P1
33.1.202	202	33	1	I	pb21a	m2m	422	1,2_010,m_001,m_100			29.99	197	29.1.198	P1
33.2.203	203	33	2	II	pb21a1'	m2m1'	424	1,2_010,m_001,m_100			29.100	198	29.2.199	P1
33.3.204	204	33	3	III	pb'21a'	m'2m'	426	1,2_010,m_001,m_100	3,4		29.103	201	29.5.202	P1
33.4.205	205	33	4	III	pb'21'a	m'2'm	428	1,2_010,m_001,m_100	2,4		29.101	199	29.3.200	P1
33.5.206	206	33	5	III	pb21'a'	m2'm'	430	1,2_010,m_001,m_100	2,3		29.102	200	29.4.201	P1
34.1.207	207	34	1	I	pb2n	m2m	432	1,2_010,m_100,m_001			30.111	209	30.1.205	P1
34.2.208	208	34	2	II	pb2n1'	m2m1'	434	1,2_010,m_100,m_001			30.112	210	30.2.206	P1
34.3.209	209	34	3	III	pb'2n'	m'2m'	436	1,2_010,m_100,m_001	3,4		30.115	213	30.5.209	P1
34.4.210	210	34	4	III	pb2'n'	m2'm'	438	1,2_010,m_100,m_001	2,4		30.113	211	30.3.207	P1
34.5.211	211	34	5	III	pb'2'n	m'b'm	440	1,2_010,m_100,m_001	2,3		30.114	212	30.4.208	P1
35.1.212	212	35	1	I	cm2m	m2m	442	1,2_010,m_100,m_001			38.187	285	38.1.265	P3
35.2.213	213	35	2	II	cm2m1'	m2m1'	444	1,2_010,m_100,m_001			38.188	286	38.2.266	P3
35.3.214	214	35	3	III	cm'2m'	m'2m'	446	1,2_010,m_100,m_001	3,4		38.191	289	38.5.269	P3
35.4.215	215	35	4	III	cm2'm'	m2'm'	448	1,2_010,m_100,m_001	2,4		38.189	287	38.3.267	P3
35.5.216	216	35	5	III	cm'2'm	m'2'm	450	1,2_010,m_100,m_001	2,3		38.190	288	38.4.268	P3
35.6.217	217	35	6	IV	cpm2m	m2m1'	452	1,2_010,m_100,m_001		1/2,1/2,0	25.64	162	38.7.271	P1
35.7.218	218	35	7	IV	cpm'2m'	m2m1'	454	1,2_010,m_100,m_001		1/2,1/2,0	30.119	217	38.12.276	P1
35.8.219	219	35	8	IV	cpm2'm'	m2m1'	456	1,2_010,m_100,m_001		1/2,1/2,0	31.132	230	38.10.274	P1
35.9.220	220	35	9	IV	cpm'2'm	m2m1'	458	1,2_010,m_100,m_001		1/2,1/2,0	26.74	172	38.11.275	P1
36.1.221	221	36	1	I	cm2a	m2m	460	1,2_010,m_100,m_001			39.195	293	39.1.278	P3
36.2.222	222	36	2	II	cm2a1'	m2m1'	462	1,2_010,m_100,m_001			39.196	294	39.2.279	P3
36.3.223	223	36	3	III	cm'2a'	m'2m'	464	1,2_010,m_100,m_001	3,4		39.199	297	39.5.282	P3
36.4.224	224	36	4	III	cm2'a'	m2'm'	466	1,2_010,m_100,m_001	2,4		39.197	295	39.3.280	P3
36.5.225	225	36	5	III	cm'2'a	m'2'm	468	1,2_010,m_100,m_001	2,3		39.198	296	39.4.281	P3
36.6.226	226	36	6	IV	cpm2a	m2m1'	470	1,2_010,m_100,m_001		1/2,1/2,0	28.96	194	39.7.284	P1
36.7.227	227	36	7	IV	cpm'2a'	m2m1'	472	1,2_010,m_100,m_001		1/2,1/2,0	27.85	183	39.12.289	P1
36.8.228	228	36	8	IV	cpm2'a'	m2m1'	474	1,2_010,m_100,m_001		1/2,1/2,0	26.75	173	39.10.287	P5
36.9.229	229	36	9	IV	cpm'2'a	m2m1'	476	1,2_010,m_100,m_001		1/2,1/2,0	29.108	206	39.11.288	P1
37.1.230	230	37	1	I	pmmm	mmm	478	1,2_001,2_010,2_100,-1,m_001,m_010,m_100			47.249	347	47.1.347	I
37.2.231	231	37	2	II	pmmm1'	mmm1'	481	1,2_001,2_010,2_100,-1,m_001,m_010,m_100			47.250	348	47.2.348	I
37.3.232	232	37	3	III	pm'm'm'	m'm'm'	484	1,2_001,2_010,2_100,-1,m_001,m_010,m_100	5,6,7,8		47.253	351	47.5.351	I
37.4.233	233	37	4	III	pm'm'm	m'm'm	487	1,2_001,2_010,2_100,-1,m_001,m_010,m_100	3,4,7,8		47.252	350	47.4.350	I
37.5.234	234	37	5	III	pmm'm'	mm'm'	490	1,2_001,2_010,2_100,-1,m_001,m_010,m_100	2,3,6,7		47.252	350	47.4.350	P2
37.6.235	235	37	6	III	pmmm'	mmm'	493	1,2_001,2_010,2_100,-1,m_001,m_010,m_100	3,4,5,6		47.251	349	47.3.349	P1
37.7.236	236	37	7	III	pmm'm	mm'm	496	1,2_001,2_010,2_100,-1,m_001,m_010,m_100	2,4,5,7		47.251	349	47.3.349	I
37.8.237	237	37	8	IV	p2amm'm'	mmm1'	499	1,2_001,2_010,2_100,-1,m_001,m_010,m_100		1,0,0	49.273	371	47.10.356	P2
37.9.238	238	37	9	IV	p2am'm'm	mmm1'	502	1,2_001,2_010,2_100,-1,m_001,m_010,m_100		1,0,0	51.298	396	47.9.355	P4
37.10.239	239	37	10	IV	p2am'mm'	mmm1'	505	1,2_001,2_010,2_100,-1,m_001,m_010,m_100		1,0,0	51.298	396	47.9.355	P2
37.11.240	240	37	11	IV	pcmmm	mmm1'	508	1,2_001,2_010,2_100,-1,m_001,m_010,m_100		0,1,0	65.489	587	47.7.353	I
37.12.241	241	37	12	IV	pcmm'm'	mmm1'	511	1,2_001,2_010,2_100,-1,m_001,m_010,m_100		0,1,0	67.509	607	47.11.357	I
37.13.242	242	37	13	IV	p2ammm	mmm1'	514	1,2_001,2_010,2_100,-1,m_001,m_010,m_100		1,0,0	47.254	352	47.6.352	P3
38.1.243	243	38	1	I	pmaa	mmm	517	1,2_100,2_001,2_010,-1,m_100,m_001,m_010			49.265	363	49.1.364	P2
38.2.244	244	38	2	II	pmaa1'	mmm1'	519	1,2_100,2_001,2_010,-1,m_100,m_001,m_010			49.266	364	49.2.365	P2
38.3.245	245	38	3	III	pm'a'a'	m'm'm'	521	1,2_100,2_001,2_010,-1,m_100,m_001,m_010	5,6,7,8		49.271	369	49.7.370	P2
38.4.246	246	38	4	III	pma'a'	mm'm'	523	1,2_100,2_001,2_010,-1,m_100,m_001,m_010	3,4,7,8		49.269	367	49.5.368	P2
38.5.247	247	38	5	III	pm'a'a	m'm'm	525	1,2_100,2_001,2_010,-1,m_100,m_001,m_010	2,4,6,8		49.270	368	49.6.369	P4
38.6.248	248	38	6	III	pm'aa'	m'mm'	527	1,2_100,2_001,2_010,-1,m_100,m_001,m_010	2,3,6,7		49.270	368	49.6.369	P2
38.7.249	249	38	7	III	pm'aa	m'mm	529	1,2_100,2_001,2_010,-1,m_100,m_001,m_010	3,4,5,6		49.268	366	49.4.367	P2
38.8.250	250	38	8	III	pmaa'	mmm'	531	1,2_100,2_001,2_010,-1,m_100,m_001,m_010	2,4,5,7		49.267	365	49.3.366	P2
38.9.251	251	38	9	III	pma'a	mm'm	533	1,2_100,2_001,2_010,-1,m_100,m_001,m_010	2,3,5,8		49.267	365	49.3.366	P4
38.10.252	252	38	10	IV	p2bm'aa'	mmm1'	535	1,2_100,2_001,2_010,-1,m_100,m_001,m_010		0,1,0	50.284	382	49.12.375	I
38.11.253	253	38	11	IV	p2bma'a'	mmm1'	537	1,2_100,2_001,2_010,-1,m_100,m_001,m_010		0,1,0	53.332	430	49.11.374	P1
38.12.254	254	38	12	IV	p2bm'a'a	mmm1'	539	1,2_100,2_001,2_010,-1,m_100,m_001,m_010		0,1,0	54.346	444	49.10.373	P5
38.13.255	255	38	13	IV	p2bmaa	mmm1'	541	1,2_100,2_001,2_010,-1,m_100,m_001,m_010		0,1,0	49.272	370	49.8.371	P4
39.1.256	256	39	1	I	pban	mmm	543	1,2_001,2_010,2_100,-1,m_001,m_010,m_100			50.277	375	50.1.377	I
39.2.257	257	39	2	II	pban1'	mmm1'	545	1,2_001,2_010,2_100,-1,m_001,m_010,m_100			50.278	376	50.2.378	I
39.3.258	258	39	3	III	pb'a'n'	m'm'm'	547	1,2_001,2_010,2_100,-1,m_001,m_010,m_100	5,6,7,8		50.283	381	50.7.383	I
39.4.259	259	39	4	III	pb'a'n	m'm'm	549	1,2_001,2_010,2_100,-1,m_001,m_010,m_100	3,4,7,8		50.281	379	50.5.381	I
39.5.260	260	39	5	III	pba'n'	mm'm'	551	1,2_001,2_010,2_100,-1,m_001,m_010,m_100	2,3,6,7		50.282	380	50.6.382	I
39.6.261	261	39	6	III	pban'	mmm'	553	1,2_001,2_010,2_100,-1,m_001,m_010,m_100	3,4,5,6		50.280	378	50.4.380	I
39.7.262	262	39	7	III	pba'n	mm'm	555	1,2_001,2_010,2_100,-1,m_001,m_010,m_100	2,4,5,7		50.279	377	50.3.379	I
40.1.263	263	40	1	I	pmam	mmm	557	1,2_010,2_001,2_100,-1,m_010,m_001,m_100			51.289	387	51.1.387	P4
40.2.264	264	40	2	II	pmam1'	mmm1'	559	1,2_010,2_001,2_100,-1,m_010,m_001,m_100			51.290	388	51.2.388	P4
40.3.265	265	40	3	III	pm'a'm'	m'm'm'	561	1,2_010,2_001,2_100,-1,m_010,m_001,m_100	5,6,7,8		51.297	395	51.9.395	P4
40.4.266	266	40	4	III	pm'am'	m'mm'	563	1,2_010,2_001,2_100,-1,m_010,m_001,m_100	3,4,7,8		51.294	392	51.6.392	P4
40.5.267	267	40	5	III	pm'a'm	m'm'm	565	1,2_010,2_001,2_100,-1,m_010,m_001,m_100	2,4,6,8		51.296	394	51.8.394	P4
40.6.268	268	40	6	III	pma'm'	mm'm'	567	1,2_010,2_001,2_100,-1,m_010,m_001,m_100	2,3,6,7		51.295	393	51.7.393	P4
40.7.269	269	40	7	III	pma'm	mm'm	569	1,2_010,2_001,2_100,-1,m_010,m_001,m_100	3,4,5,6		51.293	391	51.5.391	P4
40.8.270	270	40	8	III	pmam'	mmm'	571	1,2_010,2_001,2_100,-1,m_010,m_001,m_100	2,4,5,7		51.292	390	51.4.390	P4
40.9.271	271	40	9	III	pm'am	m'mm	573	1,2_010,2_001,2_100,-1,m_010,m_001,m_100	2,3,5,8		51.291	389	51.3.389	P4
40.10.272	272	40	10	IV	p2bm'am'	mmm1'	575	1,2_010,2_001,2_100,-1,m_010,m_001,m_100		0,1,0	54.346	444	49.10.373	P5
40.11.273	273	40	11	IV	p2bm'a'm	mmm1'	577	1,2_010,2_001,2_100,-1,m_010,m_001,m_100		0,1,0	55.360	458	51.16.402	I
40.12.274	274	40	12	IV	p2bma'm'	mmm1'	579	1,2_010,2_001,2_100,-1,m_010,m_001,m_100		0,1,0	57.388	486	51.13.399	P3
40.13.275	275	40	13	IV	p2bmam	mmm1'	581	1,2_010,2_001,2_100,-1,m_010,m_001,m_100		0,1,0	51.300	398	51.11.397	P4
41.1.276	276	41	1	I	pmma	mmm	583	1,2_001,2_010,2_100,-1,m_001,m_010,m_100			51.289	387	51.1.387	P2
41.2.277	277	41	2	II	pmma1'	mmm1'	585	1,2_001,2_010,2_100,-1,m_001,m_010,m_100			51.290	388	51.2.388	P2
41.3.278	278	41	3	III	pm'm'a'	m'm'm'	587	1,2_001,2_010,2_100,-1,m_001,m_010,m_100	5,6,7,8		51.297	395	51.9.395	P2
41.4.279	279	41	4	III	pm'm'a	m'm'm	589	1,2_001,2_010,2_100,-1,m_001,m_010,m_100	3,4,7,8		51.294	392	51.6.392	P2
41.5.280	280	41	5	III	pm'ma'	m'mm'	591	1,2_001,2_010,2_100,-1,m_001,m_010,m_100	2,4,6,8		51.296	394	51.8.394	P2
41.6.281	281	41	6	III	pmm'a'	mm'm'	593	1,2_001,2_010,2_100,-1,m_001,m_010,m_100	2,3,6,7		51.295	393	51.7.393	P2
41.7.282	282	41	7	III	pmma'	mmm'	595	1,2_001,2_010,2_100,-1,m_001,m_010,m_100	3,4,5,6		51.293	391	51.5.391	P2
41.8.283	283	41	8	III	pmm'a	mm'm	597	1,2_001,2_010,2_100,-1,m_001,m_010,m_100	2,4,5,7		51.292	390	51.4.390	P2
41.9.284	284	41	9	III	pm'ma	m'mm	599	1,2_001,2_010,2_100,-1,m_001,m_010,m_100	2,3,5,8		51.291	389	51.3.389	P2
41.10.285	285	41	10	IV	p2bm'ma'	mmm1'	601	1,2_001,2_010,2_100,-1,m_001,m_010,m_100		0,1,0	53.332	430	49.11.374	P1
41.11.286	286	41	11	IV	p2bm'm'a	mmm1'	603	1,2_001,2_010,2_100,-1,m_001,m_010,m_100		0,1,0	57.388	486	51.13.399	P3
41.12.287	287	41	12	IV	p2bmm'a'	mmm1'	605	1,2_001,2_010,2_100,-1,m_001,m_010,m_100		0,1,0	59.412	510	51.14.400	I
41.13.288	288	41	13	IV	p2bmma	mmm1'	607	1,2_001,2_010,2_100,-1,m_001,m_010,m_100		0,1,0	51.299	397	51.10.396	P2
42.1.289	289	42	1	I	pman	mmm	609	1,2_010,2_001,2_100,-1,m_010,m_001,m_100			53.321	419	53.1.415	P1
42.2.290	290	42	2	II	pman1'	mmm1'	611	1,2_010,2_001,2_100,-1,m_010,m_001,m_100			53.322	420	53.2.416	P1
42.3.291	291	42	3	III	pm'a'n'	m'm'm'	613	1,2_010,2_001,2_100,-1,m_010,m_001,m_100	5,6,7,8		53.329	427	53.9.423	P1
42.4.292	292	42	4	III	pm'an'	m'mm'	615	1,2_010,2_001,2_100,-1,m_010,m_001,m_100	3,4,7,8		53.326	424	53.6.420	P1
42.5.293	293	42	5	III	pm'a'n	m'm'm	617	1,2_010,2_001,2_100,-1,m_010,m_001,m_100	2,4,6,8		53.328	426	53.8.422	P1
42.6.294	294	42	6	III	pma'n'	mm'm'	619	1,2_010,2_001,2_100,-1,m_010,m_001,m_100	2,3,6,7		53.327	425	53.7.421	P1
42.7.295	295	42	7	III	pma'n	mm'm	621	1,2_010,2_001,2_100,-1,m_010,m_001,m_100	3,4,5,6		53.325	423	53.5.419	P1
42.8.296	296	42	8	III	pman'	mmm'	623	1,2_010,2_001,2_100,-1,m_010,m_001,m_100	2,4,5,7		53.324	422	53.4.418	P1
42.9.297	297	42	9	III	pm'an	m'mm	625	1,2_010,2_001,2_100,-1,m_010,m_001,m_100	2,3,5,8		53.323	421	53.3.417	P1
43.1.298	298	43	1	I	pbaa	mmm	627	1,2_100,2_001,2_010,-1,m_100,m_001,m_010			54.337	435	54.1.428	P5
43.2.299	299	43	2	II	pbaa1'	mmm1'	629	1,2_100,2_001,2_010,-1,m_100,m_001,m_010			54.338	436	54.2.429	P5
43.3.300	300	43	3	III	pb'a'a'	m'm'm'	631	1,2_100,2_001,2_010,-1,m_100,m_001,m_010	5,6,7,8		54.345	443	54.9.436	P5
43.4.301	301	43	4	III	pba'a'	mm'm'	633	1,2_100,2_001,2_010,-1,m_100,m_001,m_010	3,4,7,8		54.342	440	54.6.433	P5
43.5.302	302	43	5	III	pb'aa'	m'mm'	635	1,2_100,2_001,2_010,-1,m_100,m_001,m_010	2,3,6,7		54.343	441	54.7.434	P5
43.6.303	303	43	6	III	pb'a'a	m'm'm	637	1,2_100,2_001,2_010,-1,m_100,m_001,m_010	2,4,6,8		54.344	442	54.8.435	P5
43.7.304	304	43	7	III	pb'aa	m'mm	639	1,2_100,2_001,2_010,-1,m_100,m_001,m_010	3,4,5,6		54.341	439	54.5.432	P5
43.8.305	305	43	8	III	pbaa'	mmm'	641	1,2_100,2_001,2_010,-1,m_100,m_001,m_010	2,4,5,7		54.340	438	54.4.431	P5
43.9.306	306	43	9	III	pba'a	mm'm	643	1,2_100,2_001,2_010,-1,m_100,m_001,m_010	2,3,5,8		54.339	437	54.3.430	P5
44.1.307	307	44	1	I	pbam	mmm	645	1,2_001,2_010,2_100,-1,m_001,m_010,m_100			55.353	451	55.1.441	I
44.2.308	308	44	2	II	pbam1'	mmm1'	647	1,2_001,2_010,2_100,-1,m_001,m_010,m_100			55.354	452	55.2.442	I
44.3.309	309	44	3	III	pb'a'm'	m'm'm'	649	1,2_001,2_010,2_100,-1,m_001,m_010,m_100	5,6,7,8		55.359	457	55.7.447	I
44.4.310	310	44	4	III	pb'a'm	m'm'm	651	1,2_001,2_010,2_100,-1,m_001,m_010,m_100	3,4,7,8		55.357	455	55.5.445	I
44.5.311	311	44	5	III	pba'm'	mm'm'	653	1,2_001,2_010,2_100,-1,m_001,m_010,m_100	2,3,6,7		55.358	456	55.6.446	I
44.6.312	312	44	6	III	pbam'	mmm'	655	1,2_001,2_010,2_100,-1,m_001,m_010,m_100	3,4,5,6		55.356	454	55.4.444	I
44.7.313	313	44	7	III	pba'm	mm'm	657	1,2_001,2_010,2_100,-1,m_001,m_010,m_100	2,4,5,7		55.355	453	55.3.443	I
45.1.314	314	45	1	I	pbma	mmm	659	1,2_010,2_100,2_001,-1,m_010,m_100,m_001			57.377	475	57.1.458	P3
45.2.315	315	45	2	II	pbma1'	mmm1'	661	1,2_010,2_100,2_001,-1,m_010,m_100,m_001			57.378	476	57.2.459	P3
45.3.316	316	45	3	III	pb'm'a'	m'm'm'	663	1,2_010,2_100,2_001,-1,m_010,m_100,m_001	5,6,7,8		57.385	483	57.9.466	P3
45.4.317	317	45	4	III	pb'ma'	m'mm'	665	1,2_010,2_100,2_001,-1,m_010,m_100,m_001	3,4,7,8		57.382	480	57.6.463	P3
45.5.318	318	45	5	III	pbm'a'	mm'm'	667	1,2_010,2_100,2_001,-1,m_010,m_100,m_001	2,4,6,8		57.384	482	57.8.465	P3
45.6.319	319	45	6	III	pb'm'a	m'm'm	669	1,2_010,2_100,2_001,-1,m_010,m_100,m_001	2,3,6,7		57.383	481	57.7.464	P3
45.7.320	320	45	7	III	pbm'a	mm'm	671	1,2_010,2_100,2_001,-1,m_010,m_100,m_001	3,4,5,6		57.381	479	57.5.462	P3
45.8.321	321	45	8	III	pb'ma	m'mm	673	1,2_010,2_100,2_001,-1,m_010,m_100,m_001	2,4,5,7		57.380	478	57.4.461	P3
45.9.322	322	45	9	III	pbma'	mmm'	675	1,2_010,2_100,2_001,-1,m_010,m_100,m_001	2,3,5,8		57.379	477	57.3.460	P3
46.1.323	323	46	1	I	pmmn	mmm	677	1,2_001,2_010,2_100,-1,m_001,m_010,m_100			59.405	503	59.1.478	I
46.2.324	324	46	2	II	pmmn1'	mmm1'	679	1,2_001,2_010,2_100,-1,m_001,m_010,m_100			59.406	504	59.2.479	I
46.3.325	325	46	3	III	pm'm'n'	m'm'm'	681	1,2_001,2_010,2_100,-1,m_001,m_010,m_100	5,6,7,8		59.411	509	59.7.484	I
46.4.326	326	46	4	III	pm'm'n	m'm'm	683	1,2_001,2_010,2_100,-1,m_001,m_010,m_100	3,4,7,8		59.409	507	59.5.482	I
46.5.327	327	46	5	III	pmm'n'	mm'm'	685	1,2_001,2_010,2_100,-1,m_001,m_010,m_100	2,3,6,7		59.410	508	59.6.483	I
46.6.328	328	46	6	III	pmmn'	mmm'	687	1,2_001,2_010,2_100,-1,m_001,m_010,m_100	3,4,5,6		59.408	506	59.4.481	I
46.7.329	329	46	7	III	pmm'n	mm'm	689	1,2_001,2_010,2_100,-1,m_001,m_010,m_100	2,4,5,7		59.407	505	59.3.480	I
47.1.330	330	47	1	I	cmmm	mmm	691	1,2_001,2_010,2_100,-1,m_001,m_010,m_100			65.481	579	65.1.545	I
47.2.331	331	47	2	II	cmmm1'	mmm1'	694	1,2_001,2_010,2_100,-1,m_001,m_010,m_100			65.482	580	65.2.546	I
47.3.332	332	47	3	III	cm'm'm'	m'm'm'	697	1,2_001,2_010,2_100,-1,m_001,m_010,m_100	5,6,7,8		65.487	585	65.7.551	I
47.4.333	333	47	4	III	cm'm'm	m'm'm	700	1,2_001,2_010,2_100,-1,m_001,m_010,m_100	3,4,7,8		65.485	583	65.5.549	I
47.5.334	334	47	5	III	cmm'm'	mm'm'	703	1,2_001,2_010,2_100,-1,m_001,m_010,m_100	2,3,6,7		65.486	584	65.6.550	I
47.6.335	335	47	6	III	cmmm'	mmm'	706	1,2_001,2_010,2_100,-1,m_001,m_010,m_100	3,4,5,6		65.484	582	65.4.548	I
47.7.336	336	47	7	III	cmm'm	mm'm	709	1,2_001,2_010,2_100,-1,m_001,m_010,m_100	2,4,5,7		65.483	581	65.3.547	I
47.8.337	337	47	8	IV	cpmmm	mmm1'	712	1,2_001,2_010,2_100,-1,m_001,m_010,m_100		1/2,1/2,0	47.255	353	65.9.553	I
47.9.338	338	47	9	IV	cpm'm'm'	mmm1'	715	1,2_001,2_010,2_100,-1,m_001,m_010,m_100		1/2,1/2,0	50.287	385	65.17.561	I
47.10.339	339	47	10	IV	cpm'm'm	mmm1'	718	1,2_001,2_010,2_100,-1,m_001,m_010,m_100		1/2,1/2,0	55.363	461	65.15.559	I
47.11.340	340	47	11	IV	cpmm'm'	mmm1'	721	1,2_001,2_010,2_100,-1,m_001,m_010,m_100		1/2,1/2,0	53.334	432	65.16.560	P1
47.12.341	341	47	12	IV	cpmmm'	mmm1'	724	1,2_001,2_010,2_100,-1,m_001,m_010,m_100		1/2,1/2,0	59.415	513	65.14.558	I
47.13.342	342	47	13	IV	cpmm'm	mmm1'	727	1,2_001,2_010,2_100,-1,m_001,m_010,m_100		1/2,1/2,0	51.302	400	65.13.557	P4
48.1.343	343	48	1	I	cmme	mmm	730	1,2_001,2_010,2_100,-1,m_001,m_010,m_100			67.501	599	67.1.577	I
48.2.344	344	48	2	II	cmme1'	mmm1'	732	1,2_001,2_010,2_100,-1,m_001,m_010,m_100			67.502	600	67.2.578	I
48.3.345	345	48	3	III	cm'm'e'	m'm'm'	735	1,2_001,2_010,2_100,-1,m_001,m_010,m_100	5,6,7,8		67.507	605	67.7.583	I
48.4.346	346	48	4	III	cm'm'e	m'm'm	737	1,2_001,2_010,2_100,-1,m_001,m_010,m_100	3,4,7,8		67.505	603	67.5.581	I
48.5.347	347	48	5	III	cmm'e'	mm'm'	739	1,2_001,2_010,2_100,-1,m_001,m_010,m_100	2,3,6,7		67.506	604	67.6.582	I
48.6.348	348	48	6	III	cmme'	mmm'	741	1,2_001,2_010,2_100,-1,m_001,m_010,m_100	3,4,5,6		67.504	602	67.4.580	I
48.7.349	349	48	7	III	cmm'e	mm'm	743	1,2_001,2_010,2_100,-1,m_001,m_010,m_100	2,4,5,7		67.503	601	67.3.579	I
48.8.350	350	48	8	IV	cpm'm'e'	mmm1'	745	1,2_001,2_010,2_100,-1,m_001,m_010,m_100		1/2,1/2,0	54.350	448	67.13.589	P5
48.9.351	351	48	9	IV	cpm'me'	mmm1'	747	1,2_001,2_010,2_100,-1,m_001,m_010,m_100		1/2,1/2,0	57.389	487	67.15.591	P3
48.10.352	352	48	10	IV	cpmm'e'	mmm1'	749	1,2_001,2_010,2_100,-1,m_001,m_010,m_100		1/2,1/2,0	49.274	372	67.9.585	P2
48.11.353	353	48	11	IV	cpmme'	mmm1'	751	1,2_001,2_010,2_100,-1,m_001,m_010,m_100		1/2,1/2,0	51.303	401	67.14.590	P2
49.1.354	354	49	1	I	p4	4	753	1,2_001,4+_001,4-_001			75.1	661	75.1.661	I
49.2.355	355	49	2	II	p41'	41'	755	1,2_001,4+_001,4-_001			75.2	662	75.2.662	I
49.3.356	356	49	3	III	p4'	4'	757	1,2_001,4+_001,4-_001	3,4		75.3	663	75.3.663	I
49.4.357	357	49	4	IV	pp4	41'	759	1,2_001,4+_001,4-_001		1,0,0	75.5	665	75.5.665	I
50.1.358	358	50	1	I	p-4	-4	761	1,2_001,-4+_001,-4-_001			81.33	693	81.1.693	I
50.2.359	359	50	2	II	p-41'	-41'	763	1,2_001,-4+_001,-4-_001			81.34	694	81.2.694	I
50.3.360	360	50	3	III	p-4'	-4'	765	1,2_001,-4+_001,-4-_001	3,4		81.35	695	81.3.695	I
50.4.361	361	50	4	IV	p-p4	-41'	767	1,2_001,-4+_001,-4-_001		1,0,0	81.37	697	81.5.697	I
51.1.362	362	51	1	I	p4/m	4/m	769	1,2_001,4+_001,4-_001,-1,m_001,-4+_001,-4-_001			83.43	703	83.1.703	I
51.2.363	363	51	2	II	p4/m1'	4/m1'	771	1,2_001,4+_001,4-_001,-1,m_001,-4+_001,-4-_001			83.44	704	83.2.704	I
51.3.364	364	51	3	III	p4/m'	4/m'	773	1,2_001,4+_001,4-_001,-1,m_001,-4+_001,-4-_001	5,6,7,8		83.46	706	83.4.706	I
51.4.365	365	51	4	III	p4'/m'	4'/m'	775	1,2_001,4+_001,4-_001,-1,m_001,-4+_001,-4-_001	3,4,5,6		83.47	707	83.5.707	I
51.5.366	366	51	5	III	p4'/m	4'/m	777	1,2_001,4+_001,4-_001,-1,m_001,-4+_001,-4-_001	3,4,7,8		83.45	705	83.3.705	I
51.6.367	367	51	6	IV	pp4/m'	4/m1'	779	1,2_001,4+_001,4-_001,-1,m_001,-4+_001,-4-_001		1,0,0	85.65	725	83.10.712	I
51.7.368	368	51	7	IV	pp4/m	4/m1'	781	1,2_001,4+_001,4-_001,-1,m_001,-4+_001,-4-_001		1,0,0	83.49	709	83.7.709	I
52.1.369	369	52	1	I	p4/n	4/m	783	1,2_001,4+_001,4-_001,-1,m_001,-4+_001,-4-_001			85.59	719	85.1.720	I
52.2.370	370	52	2	II	p4/n1'	4/m1'	785	1,2_001,4+_001,4-_001,-1,m_001,-4+_001,-4-_001			85.60	720	85.2.721	I
52.3.371	371	52	3	III	p4/n'	4/m'	787	1,2_001,4+_001,4-_001,-1,m_001,-4+_001,-4-_001	5,6,7,8		85.62	722	85.4.723	I
52.4.372	372	52	4	III	p4'/n'	4'/m'	789	1,2_001,4+_001,4-_001,-1,m_001,-4+_001,-4-_001	3,4,5,6		85.63	723	85.5.724	I
52.5.373	373	52	5	III	p4'/n	4'/m	791	1,2_001,4+_001,4-_001,-1,m_001,-4+_001,-4-_001	3,4,7,8		85.61	721	85.3.722	I
53.1.374	374	53	1	I	p422	422	793	1,2_001,4+_001,4-_001,2_010,2_100,2_110,2_1-10			89.87	747	89.1.747	I
53.2.375	375	53	2	II	p4221'	4221'	795	1,2_001,4+_001,4-_001,2_010,2_100,2_110,2_1-10			89.88	748	89.2.748	I
53.3.376	376	53	3	III	p42'2'	42'2'	797	1,2_001,4+_001,4-_001,2_010,2_100,2_110,2_1-10	5,6,7,8		89.90	750	89.4.750	I
53.4.377	377	53	4	III	p4'22'	4'22'	799	1,2_001,4+_001,4-_001,2_010,2_100,2_110,2_1-10	3,4,7,8		89.89	749	89.3.749	I
53.5.378	378	53	5	III	p4'2'2	4'2'2	801	1,2_001,4+_001,4-_001,2_010,2_100,2_110,2_1-10	3,4,5,6		89.91	751	89.5.751	I
53.6.379	379	53	6	IV	pp42'2'	4221'	803	1,2_001,4+_001,4-_001,2_010,2_100,2_110,2_1-10		1,0,0	90.101	761	89.10.756	I
53.7.380	380	53	7	IV	pp422	4221'	805	1,2_001,4+_001,4-_001,2_010,2_100,2_110,2_1-10		1,0,0	89.93	753	89.7.753	I
54.1.381	381	54	1	I	p4212	422	807	1,2_001,4+_001,4-_001,2_010,2_100,2_110,2_1-10			90.95	755	90.1.757	I
54.2.382	382	54	2	II	p42121'	4221'	809	1,2_001,4+_001,4-_001,2_010,2_100,2_110,2_1-10			90.96	756	90.2.758	I
54.3.383	383	54	3	III	p421'2'	42'2'	811	1,2_001,4+_001,4-_001,2_010,2_100,2_110,2_1-10	5,6,7,8		90.98	758	90.4.760	I
54.4.384	384	54	4	III	p4'212'	4'22'	813	1,2_001,4+_001,4-_001,2_010,2_100,2_110,2_1-10	3,4,7,8		90.97	757	90.3.759	I
54.5.385	385	54	5	III	p4'21'2	4'2'2	815	1,2_001,4+_001,4-_001,2_010,2_100,2_110,2_1-10	3,4,5,6		90.99	759	90.5.761	I
55.1.386	386	55	1	I	p4mm	4mm	817	1,2_001,4+_001,4-_001,m_010,m_100,m_110,m_1-10			99.163	823	99.1.823	I
55.2.387	387	55	2	II	p4mm1'	4mm1'	819	1,2_001,4+_001,4-_001,m_010,m_100,m_110,m_1-10			99.164	824	99.2.824	I
55.3.388	388	55	3	III	p4m'm'	4m'm'	821	1,2_001,4+_001,4-_001,m_010,m_100,m_110,m_1-10	5,6,7,8		99.167	827	99.5.827	I
55.4.389	389	55	4	III	p4'mm'	4'mm'	823	1,2_001,4+_001,4-_001,m_010,m_100,m_110,m_1-10	3,4,7,8		99.166	826	99.4.826	I
55.5.390	390	55	5	III	p4'm'm	4'm'm	825	1,2_001,4+_001,4-_001,m_010,m_100,m_110,m_1-10	3,4,5,6		99.165	825	99.3.825	I
55.6.391	391	55	6	IV	pp4m'm'	4mm1'	827	1,2_001,4+_001,4-_001,m_010,m_100,m_110,m_1-10		1,0,0	100.177	837	99.12.834	I
55.7.392	392	55	7	IV	pp4mm	4mm1'	829	1,2_001,4+_001,4-_001,m_010,m_100,m_110,m_1-10		1,0,0	99.169	829	99.7.829	I
56.1.393	393	56	1	I	p4bm	4mm	831	1,2_001,4+_001,4-_001,m_010,m_100,m_110,m_1-10			100.171	831	100.1.836	I
56.2.394	394	56	2	II	p4bm1'	4mm1'	833	1,2_001,4+_001,4-_001,m_010,m_100,m_110,m_1-10			100.172	832	100.2.837	I
56.3.395	395	56	3	III	p4b'm'	4m'm'	835	1,2_001,4+_001,4-_001,m_010,m_100,m_110,m_1-10	5,6,7,8		100.175	835	100.5.840	I
56.4.396	396	56	4	III	p4'bm'	4'mm'	837	1,2_001,4+_001,4-_001,m_010,m_100,m_110,m_1-10	3,4,7,8		100.174	834	100.4.839	I
56.5.397	397	56	5	III	p4'b'm	4'm'm	839	1,2_001,4+_001,4-_001,m_010,m_100,m_110,m_1-10	3,4,5,6		100.173	833	100.3.838	I
57.1.398	398	57	1	I	p-42m	-42m	841	1,2_001,-4+_001,-4-_001,2_010,2_100,m_110,m_1-10			111.251	911	111.1.911	I
57.2.399	399	57	2	II	p-42m1'	-42m1'	843	1,2_001,-4+_001,-4-_001,2_010,2_100,m_110,m_1-10			111.252	912	111.2.912	I
57.3.400	400	57	3	III	p-42'm'	-42'm'	845	1,2_001,-4+_001,-4-_001,2_010,2_100,m_110,m_1-10	5,6,7,8		111.255	915	111.5.915	I
57.4.401	401	57	4	III	p-4'2m'	-4'2m'	847	1,2_001,-4+_001,-4-_001,2_010,2_100,m_110,m_1-10	3,4,7,8		111.254	914	111.4.914	I
57.5.402	402	57	5	III	p-4'2'm	-4'2'm	849	1,2_001,-4+_001,-4-_001,2_010,2_100,m_110,m_1-10	3,4,5,6		111.253	913	111.3.913	I
57.6.403	403	57	6	IV	p-p42m	-42m1'	851	1,2_001,-4+_001,-4-_001,2_010,2_100,m_110,m_1-10		1,0,0	115.289	949	111.7.917	I
57.7.404	404	57	7	IV	p-p42'm'	-42m1'	853	1,2_001,-4+_001,-4-_001,2_010,2_100,m_110,m_1-10		1,0,0	117.305	965	111.10.920	I
58.1.405	405	58	1	I	p-421m	-42m	855	1,2_001,-4+_001,-4-_001,2_010,2_100,m_110,m_1-10			113.267	927	113.1.929	I
58.2.406	406	58	2	II	p-421m1'	-42m1'	857	1,2_001,-4+_001,-4-_001,2_010,2_100,m_110,m_1-10			113.268	928	113.2.930	I
58.3.407	407	58	3	III	p-421'm'	-42'm'	859	1,2_001,-4+_001,-4-_001,2_010,2_100,m_110,m_1-10	5,6,7,8		113.271	931	113.5.933	I
58.4.408	408	58	4	III	p-4'21m'	-4'2m'	861	1,2_001,-4+_001,-4-_001,2_010,2_100,m_110,m_1-10	3,4,7,8		113.270	930	113.4.932	I
58.5.409	409	58	5	III	p-4'21'm	-4'2'm	863	1,2_001,-4+_001,-4-_001,2_010,2_100,m_110,m_1-10	3,4,5,6		113.269	929	113.3.931	I
59.1.410	410	59	1	I	p-4m2	-4m2	865	1,2_001,-4+_001,-4-_001,m_010,m_100,2_110,2_1-10			115.283	943	115.1.941	I
59.2.411	411	59	2	II	p-4m21'	-4m21'	867	1,2_001,-4+_001,-4-_001,m_010,m_100,2_110,2_1-10			115.284	944	115.2.942	I
59.3.412	412	59	3	III	p-4m'2'	-4m'2'	869	1,2_001,-4+_001,-4-_001,m_010,m_100,2_110,2_1-10	5,6,7,8		115.287	947	115.5.945	I
59.4.413	413	59	4	III	p-4'm2'	-4'm2'	871	1,2_001,-4+_001,-4-_001,m_010,m_100,2_110,2_1-10	3,4,7,8		115.286	946	115.4.944	I
59.5.414	414	59	5	III	p-4'm'2	-4'm'2	873	1,2_001,-4+_001,-4-_001,m_010,m_100,2_110,2_1-10	3,4,5,6		115.285	945	115.3.943	I
59.6.415	415	59	6	IV	p-p4m2	-4m21'	875	1,2_001,-4+_001,-4-_001,m_010,m_100,2_110,2_1-10		1,0,0	111.257	917	115.7.947	I
59.7.416	416	59	7	IV	p-p4m'2'	-4m21'	877	1,2_001,-4+_001,-4-_001,m_010,m_100,2_110,2_1-10		1,0,0	113.273	933	115.10.950	I
60.1.417	417	60	1	I	p-4b2	-4m2	879	1,2_001,-4+_001,-4-_001,m_010,m_100,2_110,2_1-10			117.299	959	117.1.958	I
60.2.418	418	60	2	II	p-4b21'	-4m21'	881	1,2_001,-4+_001,-4-_001,m_010,m_100,2_110,2_1-10			117.300	960	117.2.959	I
60.3.419	419	60	3	III	p-4b'2'	-4m'2'	883	1,2_001,-4+_001,-4-_001,m_010,m_100,2_110,2_1-10	5,6,7,8		117.303	963	117.5.962	I
60.4.420	420	60	4	III	p-4'b2'	-4'm2'	885	1,2_001,-4+_001,-4-_001,m_010,m_100,2_110,2_1-10	3,4,7,8		117.302	962	117.4.961	I
60.5.421	421	60	5	III	p-4'b'2	-4'm'2	887	1,2_001,-4+_001,-4-_001,m_010,m_100,2_110,2_1-10	3,4,5,6		117.301	961	117.3.960	I
61.1.422	422	61	1	I	p4/mmm	4/mmm	889	1,2_001,4+_001,4-_001,2_010,2_100,2_110,2_1-10,-1,m_001,-4+_001,-4-_001,m_010,m_100,m_110,m_1-10			123.339	999	123.1.999	I
61.2.423	423	61	2	II	p4/mmm1'	4/mmm1'	892	1,2_001,4+_001,4-_001,2_010,2_100,2_110,2_1-10,-1,m_001,-4+_001,-4-_001,m_010,m_100,m_110,m_1-10			123.340	1000	123.2.1000	I
61.3.424	424	61	3	III	p4/m'm'm'	4/m'm'm'	895	1,2_001,4+_001,4-_001,2_010,2_100,2_110,2_1-10,-1,m_001,-4+_001,-4-_001,m_010,m_100,m_110,m_1-10	9,10,11,12,13,14,15,16		123.347	1007	123.9.1007	I
61.4.425	425	61	4	III	p4/mm'm'	4/mm'm'	898	1,2_001,4+_001,4-_001,2_010,2_100,2_110,2_1-10,-1,m_001,-4+_001,-4-_001,m_010,m_100,m_110,m_1-10	5,6,7,8,13,14,15,16		123.345	1005	123.7.1005	I
61.5.426	426	61	5	III	p4/m'mm	4/m'mm	901	1,2_001,4+_001,4-_001,2_010,2_100,2_110,2_1-10,-1,m_001,-4+_001,-4-_001,m_010,m_100,m_110,m_1-10	5,6,7,8,9,10,11,12		123.341	1001	123.3.1001	I
61.6.427	427	61	6	III	p4'/m'm'm	4'/m'm'm	904	1,2_001,4+_001,4-_001,2_010,2_100,2_110,2_1-10,-1,m_001,-4+_001,-4-_001,m_010,m_100,m_110,m_1-10	3,4,7,8,9,10,13,14		123.344	1004	123.6.1004	I
61.7.428	428	61	7	III	p4'/m'mm'	4'/m'mm'	907	1,2_001,4+_001,4-_001,2_010,2_100,2_110,2_1-10,-1,m_001,-4+_001,-4-_001,m_010,m_100,m_110,m_1-10	3,4,5,6,9,10,15,16		123.346	1006	123.8.1006	I
61.8.429	429	61	8	III	p4'/mmm'	4'/mmm'	910	1,2_001,4+_001,4-_001,2_010,2_100,2_110,2_1-10,-1,m_001,-4+_001,-4-_001,m_010,m_100,m_110,m_1-10	3,4,7,8,11,12,15,16		123.343	1003	123.5.1003	I
61.9.430	430	61	9	III	p4'/mm'm	4'/mm'm	913	1,2_001,4+_001,4-_001,2_010,2_100,2_110,2_1-10,-1,m_001,-4+_001,-4-_001,m_010,m_100,m_110,m_1-10	3,4,5,6,11,12,13,14		123.342	1002	123.4.1002	I
61.10.431	431	61	10	IV	pp4/m'm'm'	4/mmm1'	916	1,2_001,4+_001,4-_001,2_010,2_100,2_110,2_1-10,-1,m_001,-4+_001,-4-_001,m_010,m_100,m_110,m_1-10		1,0,0	125.373	1033	123.18.1016	I
61.11.432	432	61	11	IV	pp4/mm'm'	4/mmm1'	919	1,2_001,4+_001,4-_001,2_010,2_100,2_110,2_1-10,-1,m_001,-4+_001,-4-_001,m_010,m_100,m_110,m_1-10		1,0,0	127.397	1057	123.17.1015	I
61.12.433	433	61	12	IV	pp4/m'mm	4/mmm1'	922	1,2_001,4+_001,4-_001,2_010,2_100,2_110,2_1-10,-1,m_001,-4+_001,-4-_001,m_010,m_100,m_110,m_1-10		1,0,0	129.421	1081	123.16.1014	I
61.13.434	434	61	13	IV	pp4/mmm	4/mmm1'	925	1,2_001,4+_001,4-_001,2_010,2_100,2_110,2_1-10,-1,m_001,-4+_001,-4-_001,m_010,m_100,m_110,m_1-10		1,0,0	123.349	1009	123.11.1009	I
62.1.435	435	62	1	I	p4/nbm	4/mmm	928	1,2_001,4+_001,4-_001,2_010,2_100,2_110,2_1-10,-1,m_001,-4+_001,-4-_001,m_010,m_100,m_110,m_1-10			125.363	1023	125.1.1031	I
62.2.436	436	62	2	II	p4/nbm1'	4/mmm1'	931	1,2_001,4+_001,4-_001,2_010,2_100,2_110,2_1-10,-1,m_001,-4+_001,-4-_001,m_010,m_100,m_110,m_1-10			125.364	1024	125.2.1032	I
62.3.437	437	62	3	III	p4/n'b'm'	4/m'm'm'	934	1,2_001,4+_001,4-_001,2_010,2_100,2_110,2_1-10,-1,m_001,-4+_001,-4-_001,m_010,m_100,m_110,m_1-10	9,10,11,12,13,14,15,16		125.371	1031	125.9.1039	I
62.4.438	438	62	4	III	p4/nb'm'	4/mm'm'	937	1,2_001,4+_001,4-_001,2_010,2_100,2_110,2_1-10,-1,m_001,-4+_001,-4-_001,m_010,m_100,m_110,m_1-10	5,6,7,8,13,14,15,16		125.369	1029	125.7.1037	I
62.5.439	439	62	5	III	p4/n'bm	4/m'mm	940	1,2_001,4+_001,4-_001,2_010,2_100,2_110,2_1-10,-1,m_001,-4+_001,-4-_001,m_010,m_100,m_110,m_1-10	5,6,7,8,9,10,11,12		125.365	1025	125.3.1033	I
62.6.440	440	62	6	III	p4'/n'b'm	4'/m'm'm	943	1,2_001,4+_001,4-_001,2_010,2_100,2_110,2_1-10,-1,m_001,-4+_001,-4-_001,m_010,m_100,m_110,m_1-10	3,4,7,8,9,10,13,14		125.368	1028	125.6.1036	I
62.7.441	441	62	7	III	p4'/n'bm'	4'/m'mm'	946	1,2_001,4+_001,4-_001,2_010,2_100,2_110,2_1-10,-1,m_001,-4+_001,-4-_001,m_010,m_100,m_110,m_1-10	3,4,5,6,9,10,15,16		125.370	1030	125.8.1038	I
62.8.442	442	62	8	III	p4'/nbm'	4'/mmm'	949	1,2_001,4+_001,4-_001,2_010,2_100,2_110,2_1-10,-1,m_001,-4+_001,-4-_001,m_010,m_100,m_110,m_1-10	3,4,7,8,11,12,15,16		125.367	1027	125.5.1035	I
62.9.443	443	62	9	III	p4'/nb'm	4'/mm'm	952	1,2_001,4+_001,4-_001,2_010,2_100,2_110,2_1-10,-1,m_001,-4+_001,-4-_001,m_010,m_100,m_110,m_1-10	3,4,5,6,11,12,13,14		125.366	1026	125.4.1034	I
63.1.444	444	63	1	I	p4/mbm	4/mmm	955	1,2_001,4+_001,4-_001,2_010,2_100,2_110,2_1-10,-1,m_001,-4+_001,-4-_001,m_010,m_100,m_110,m_1-10			127.387	1047	127.1.1053	I
63.2.445	445	63	2	II	p4/mbm1'	4/mmm1'	958	1,2_001,4+_001,4-_001,2_010,2_100,2_110,2_1-10,-1,m_001,-4+_001,-4-_001,m_010,m_100,m_110,m_1-10			127.388	1048	127.2.1054	I
63.3.446	446	63	3	III	p4/m'b'm'	4/m'm'm'	961	1,2_001,4+_001,4-_001,2_010,2_100,2_110,2_1-10,-1,m_001,-4+_001,-4-_001,m_010,m_100,m_110,m_1-10	9,10,11,12,13,14,15,16		127.395	1055	127.9.1061	I
63.4.447	447	63	4	III	p4/mb'm'	4/mm'm'	964	1,2_001,4+_001,4-_001,2_010,2_100,2_110,2_1-10,-1,m_001,-4+_001,-4-_001,m_010,m_100,m_110,m_1-10	5,6,7,8,13,14,15,16		127.393	1053	127.7.1059	I
63.5.448	448	63	5	III	p4/m'bm	4/m'mm	967	1,2_001,4+_001,4-_001,2_010,2_100,2_110,2_1-10,-1,m_001,-4+_001,-4-_001,m_010,m_100,m_110,m_1-10	5,6,7,8,9,10,11,12		127.389	1049	127.3.1055	I
63.6.449	449	63	6	III	p4'/m'b'm	4'/m'm'm	970	1,2_001,4+_001,4-_001,2_010,2_100,2_110,2_1-10,-1,m_001,-4+_001,-4-_001,m_010,m_100,m_110,m_1-10	3,4,7,8,9,10,13,14		127.392	1052	127.6.1058	I
63.7.450	450	63	7	III	p4'/m'bm'	4'/m'mm'	973	1,2_001,4+_001,4-_001,2_010,2_100,2_110,2_1-10,-1,m_001,-4+_001,-4-_001,m_010,m_100,m_110,m_1-10	3,4,5,6,9,10,15,16		127.394	1054	127.8.1060	I
63.8.451	451	63	8	III	p4'/mbm'	4'/mmm'	976	1,2_001,4+_001,4-_001,2_010,2_100,2_110,2_1-10,-1,m_001,-4+_001,-4-_001,m_010,m_100,m_110,m_1-10	3,4,7,8,11,12,15,16		127.391	1051	127.5.1057	I
63.9.452	452	63	9	III	p4'/mb'm	4'/mm'm	979	1,2_001,4+_001,4-_001,2_010,2_100,2_110,2_1-10,-1,m_001,-4+_001,-4-_001,m_010,m_100,m_110,m_1-10	3,4,5,6,11,12,13,14		127.390	1050	127.4.1056	I
64.1.453	453	64	1	I	p4/nmm	4/mmm	982	1,2_001,4+_001,4-_001,2_010,2_100,2_110,2_1-10,-1,m_001,-4+_001,-4-_001,m_010,m_100,m_110,m_1-10			129.411	1071	129.1.1075	I
64.2.454	454	64	2	II	p4/nmm1'	4/mmm1'	985	1,2_001,4+_001,4-_001,2_010,2_100,2_110,2_1-10,-1,m_001,-4+_001,-4-_001,m_010,m_100,m_110,m_1-10			129.412	1072	129.2.1076	I
64.3.455	455	64	3	III	p4/n'm'm'	4/m'm'm'	988	1,2_001,4+_001,4-_001,2_010,2_100,2_110,2_1-10,-1,m_001,-4+_001,-4-_001,m_010,m_100,m_110,m_1-10	9,10,11,12,13,14,15,16		129.419	1079	129.9.1083	I
64.4.456	456	64	4	III	p4/nm'm'	4/mm'm'	991	1,2_001,4+_001,4-_001,2_010,2_100,2_110,2_1-10,-1,m_001,-4+_001,-4-_001,m_010,m_100,m_110,m_1-10	5,6,7,8,13,14,15,16		129.417	1077	129.7.1081	I
64.5.457	457	64	5	III	p4/n'mm	4/m'mm	994	1,2_001,4+_001,4-_001,2_010,2_100,2_110,2_1-10,-1,m_001,-4+_001,-4-_001,m_010,m_100,m_110,m_1-10	5,6,7,8,9,10,11,12		129.413	1073	129.3.1077	I
64.6.458	458	64	6	III	p4'/n'm'm	4'/m'm'm	997	1,2_001,4+_001,4-_001,2_010,2_100,2_110,2_1-10,-1,m_001,-4+_001,-4-_001,m_010,m_100,m_110,m_1-10	3,4,7,8,9,10,13,14		129.416	1076	129.6.1080	I
64.7.459	459	64	7	III	p4'/n'mm'	4'/m'mm'	1000	1,2_001,4+_001,4-_001,2_010,2_100,2_110,2_1-10,-1,m_001,-4+_001,-4-_001,m_010,m_100,m_110,m_1-10	3,4,5,6,9,10,15,16		129.418	1078	129.8.1082	I
64.8.460	460	64	8	III	p4'/nmm'	4'/mmm'	1003	1,2_001,4+_001,4-_001,2_010,2_100,2_110,2_1-10,-1,m_001,-4+_001,-4-_001,m_010,m_100,m_110,m_1-10	3,4,7,8,11,12,15,16		129.415	1075	129.5.1079	I
64.9.461	461	64	9	III	p4'/nm'm	4'/mm'm	1006	1,2_001,4+_001,4-_001,2_010,2_100,2_110,2_1-10,-1,m_001,-4+_001,-4-_001,m_010,m_100,m_110,m_1-10	3,4,5,6,11,12,13,14		129.414	1074	129.4.1078	I
65.1.462	462	65	1	I	p3	3	1009	1,3+_001,3-_001			143.1	1231	143.1.1231	I
65.2.463	463	65	2	II	p31'	31'	1011	1,3+_001,3-_001			143.2	1232	143.2.1232	I
66.1.464	464	66	1	I	p-3	-3	1013	1,3+_001,3-_001,-1,-3+_001,-3-_001			147.13	1243	147.1.1243	I
66.2.465	465	66	2	II	p-31'	-31'	1015	1,3+_001,3-_001,-1,-3+_001,-3-_001			147.14	1244	147.2.1244	I
66.3.466	466	66	3	III	p-3'	-3'	1017	1,3+_001,3-_001,-1,-3+_001,-3-_001	4,5,6		147.15	1245	147.3.1245	I
67.1.467	467	67	1	I	p312	312	1019	1,3+_001,3-_001,2_1-10,2_120,2_210			149.21	1251	149.1.1251	I
67.2.468	468	67	2	II	p3121'	3121'	1021	1,3+_001,3-_001,2_1-10,2_120,2_210			149.22	1252	149.2.1252	I
67.3.469	469	67	3	III	p312'	312'	1023	1,3+_001,3-_001,2_1-10,2_120,2_210	4,5,6		149.23	1253	149.3.1253	I
68.1.470	470	68	1	I	p321	321	1025	1,3+_001,3-_001,2_110,2_100,2_010			150.25	1255	150.1.1255	I
68.2.471	471	68	2	II	p3211'	3211'	1027	1,3+_001,3-_001,2_110,2_100,2_010			150.26	1256	150.2.1256	I
68.3.472	472	68	3	III	p32'1	32'1	1029	1,3+_001,3-_001,2_110,2_100,2_010	4,5,6		150.27	1257	150.3.1257	I
69.1.473	473	69	1	I	p3m1	3m1	1031	1,3+_001,3-_001,m_110,m_100,m_010			156.49	1279	156.1.1279	I
69.2.474	474	69	2	II	p3m11'	3m11'	1033	1,3+_001,3-_001,m_110,m_100,m_010			156.50	1280	156.2.1280	I
69.3.475	475	69	3	III	p3m'1	3m'1	1035	1,3+_001,3-_001,m_110,m_100,m_010	4,5,6		156.51	1281	156.3.1281	I
70.1.476	476	70	1	I	p31m	31m	1037	1,3+_001,3-_001,m_1-10,m_120,m_210			157.53	1283	157.1.1284	I
70.2.477	477	70	2	II	p31m1'	31m1'	1039	1,3+_001,3-_001,m_1-10,m_120,m_210			157.54	1284	157.2.1285	I
70.3.478	478	70	3	III	p31m'	31m'	1041	1,3+_001,3-_001,m_1-10,m_120,m_210	4,5,6		157.55	1285	157.3.1286	I
71.1.479	479	71	1	I	p-31m	-31m	1043	1,3+_001,3-_001,2_1-10,2_120,2_210,-1,-3+_001,-3-_001,m_1-10,m_120,m_210			162.73	1303	162.1.1303	I
71.2.480	480	71	2	II	p-31m1'	-31m1'	1045	1,3+_001,3-_001,2_1-10,2_120,2_210,-1,-3+_001,-3-_001,m_1-10,m_120,m_210			162.74	1304	162.2.1304	I
71.3.481	481	71	3	III	p-3'1m'	-3'1m'	1048	1,3+_001,3-_001,2_1-10,2_120,2_210,-1,-3+_001,-3-_001,m_1-10,m_120,m_210	7,8,9,10,11,12		162.76	1306	162.4.1306	I
71.4.482	482	71	4	III	p-31m'	-31m'	1050	1,3+_001,3-_001,2_1-10,2_120,2_210,-1,-3+_001,-3-_001,m_1-10,m_120,m_210	4,5,6,10,11,12		162.77	1307	162.5.1307	I
71.5.483	483	71	5	III	p-3'1m	-3'1m	1052	1,3+_001,3-_001,2_1-10,2_120,2_210,-1,-3+_001,-3-_001,m_1-10,m_120,m_210	4,5,6,7,8,9		162.75	1305	162.3.1305	I
72.1.484	484	72	1	I	p-3m1	-3m1	1054	1,3+_001,3-_001,2_110,2_100,2_010,-1,-3+_001,-3-_001,m_110,m_100,m_010			164.85	1315	164.1.1315	I
72.2.485	485	72	2	II	p-3m11'	-3m11'	1056	1,3+_001,3-_001,2_110,2_100,2_010,-1,-3+_001,-3-_001,m_110,m_100,m_010			164.86	1316	164.2.1316	I
72.3.486	486	72	3	III	p-3'm'1	-3'm'1	1059	1,3+_001,3-_001,2_110,2_100,2_010,-1,-3+_001,-3-_001,m_110,m_100,m_010	7,8,9,10,11,12		164.88	1318	164.4.1318	I
72.4.487	487	72	4	III	p-3m'1	-3m'1	1061	1,3+_001,3-_001,2_110,2_100,2_010,-1,-3+_001,-3-_001,m_110,m_100,m_010	4,5,6,10,11,12		164.89	1319	164.5.1319	I
72.5.488	488	72	5	III	p-3'm1	-3'm1	1063	1,3+_001,3-_001,2_110,2_100,2_010,-1,-3+_001,-3-_001,m_110,m_100,m_010	4,5,6,7,8,9		164.87	1317	164.3.1317	I
73.1.489	489	73	1	I	p6	6	1065	1,3+_001,3-_001,2_001,6-_001,6+_001			168.109	1339	168.1.1339	I
73.2.490	490	73	2	II	p61'	61'	1067	1,3+_001,3-_001,2_001,6-_001,6+_001			168.110	1340	168.2.1340	I
73.3.491	491	73	3	III	p6'	6'	1069	1,3+_001,3-_001,2_001,6-_001,6+_001	4,5,6		168.111	1341	168.3.1341	I
74.1.492	492	74	1	I	p-6	-6	1071	1,3+_001,3-_001,m_001,-6-_001,-6+_001			174.133	1363	174.1.1363	I
74.2.493	493	74	2	II	p-61'	-61'	1073	1,3+_001,3-_001,m_001,-6-_001,-6+_001			174.134	1364	174.2.1364	I
74.3.494	494	74	3	III	p-6'	-6'	1075	1,3+_001,3-_001,m_001,-6-_001,-6+_001	4,5,6		174.135	1365	174.3.1365	I
75.1.495	495	75	1	I	p6/m	6/m	1077	1,3+_001,3-_001,2_001,6-_001,6+_001,-1,-3+_001,-3-_001,m_001,-6-_001,-6+_001			175.137	1367	175.1.1367	I
75.2.496	496	75	2	II	p6/m1'	6/m1'	1079	1,3+_001,3-_001,2_001,6-_001,6+_001,-1,-3+_001,-3-_001,m_001,-6-_001,-6+_001			175.138	1368	175.2.1368	I
75.3.497	497	75	3	III	p6/m'	6/m'	1082	1,3+_001,3-_001,2_001,6-_001,6+_001,-1,-3+_001,-3-_001,m_001,-6-_001,-6+_001	7,8,9,10,11,12		175.140	1370	175.4.1370	I
75.4.498	498	75	4	III	p6'/m'	6'/m'	1084	1,3+_001,3-_001,2_001,6-_001,6+_001,-1,-3+_001,-3-_001,m_001,-6-_001,-6+_001	4,5,6,10,11,12		175.141	1371	175.5.1371	I
75.5.499	499	75	5	III	p6'/m	6'/m	1086	1,3+_001,3-_001,2_001,6-_001,6+_001,-1,-3+_001,-3-_001,m_001,-6-_001,-6+_001	4,5,6,7,8,9		175.139	1369	175.3.1369	I
76.1.500	500	76	1	I	p622	622	1088	1,3+_001,3-_001,2_001,6-_001,6+_001,2_110,2_100,2_010,2_1-10,2_120,2_210			177.149	1379	177.1.1379	I
76.2.501	501	76	2	II	p6221'	6221'	1091	1,3+_001,3-_001,2_001,6-_001,6+_001,2_110,2_100,2_010,2_1-10,2_120,2_210			177.150	1380	177.2.1380	I
76.3.502	502	76	3	III	p62'2'	62'2'	1094	1,3+_001,3-_001,2_001,6-_001,6+_001,2_110,2_100,2_010,2_1-10,2_120,2_210	7,8,9,10,11,12		177.153	1383	177.5.1383	I
76.4.503	503	76	4	III	p6'22'	6'22'	1097	1,3+_001,3-_001,2_001,6-_001,6+_001,2_110,2_100,2_010,2_1-10,2_120,2_210	4,5,6,10,11,12		177.152	1382	177.4.1382	I
76.5.504	504	76	5	III	p6'2'2	6'2'2	1100	1,3+_001,3-_001,2_001,6-_001,6+_001,2_110,2_100,2_010,2_1-10,2_120,2_210	4,5,6,7,8,9		177.151	1381	177.3.1381	I
77.1.505	505	77	1	I	p6mm	6mm	1103	1,3+_001,3-_001,2_001,6-_001,6+_001,m_110,m_100,m_010,m_1-10,m_120,m_210			183.185	1415	183.1.1415	I
77.2.506	506	77	2	II	p6mm1'	6mm1'	1105	1,3+_001,3-_001,2_001,6-_001,6+_001,m_110,m_100,m_010,m_1-10,m_120,m_210			183.186	1416	183.2.1416	I
77.3.507	507	77	3	III	p6m'm'	6m'm'	1108	1,3+_001,3-_001,2_001,6-_001,6+_001,m_110,m_100,m_010,m_1-10,m_120,m_210	7,8,9,10,11,12		183.189	1419	183.5.1419	I
77.4.508	508	77	4	III	p6'mm'	6'mm'	1110	1,3+_001,3-_001,2_001,6-_001,6+_001,m_110,m_100,m_010,m_1-10,m_120,m_210	4,5,6,10,11,12		183.188	1418	183.4.1418	I
77.5.509	509	77	5	III	p6'm'm	6'm'm	1112	1,3+_001,3-_001,2_001,6-_001,6+_001,m_110,m_100,m_010,m_1-10,m_120,m_210	4,5,6,7,8,9		183.187	1417	183.3.1417	I
78.1.510	510	78	1	I	p-6m2	-6m2	1114	1,3+_001,3-_001,m_001,-6-_001,-6+_001,m_110,m_100,m_010,2_1-10,2_120,2_210			187.209	1439	187.1.1439	I
78.2.511	511	78	2	II	p-6m21'	-6m21'	1117	1,3+_001,3-_001,m_001,-6-_001,-6+_001,m_110,m_100,m_010,2_1-10,2_120,2_210			187.210	1440	187.2.1440	I
78.3.512	512	78	3	III	p-6m'2'	-6m'2'	1120	1,3+_001,3-_001,m_001,-6-_001,-6+_001,m_110,m_100,m_010,2_1-10,2_120,2_210	7,8,9,10,11,12		187.213	1443	187.5.1443	I
78.4.513	513	78	4	III	p-6'm2'	-6'm2'	1123	1,3+_001,3-_001,m_001,-6-_001,-6+_001,m_110,m_100,m_010,2_1-10,2_120,2_210	4,5,6,10,11,12		187.212	1442	187.4.1442	I
78.5.514	514	78	5	III	p-6'm'2	-6'm'2	1126	1,3+_001,3-_001,m_001,-6-_001,-6+_001,m_110,m_100,m_010,2_1-10,2_120,2_210	4,5,6,7,8,9		187.211	1441	187.3.1441	I
79.1.515	515	79	1	I	p-62m	-62m	1129	1,3+_001,3-_001,m_001,-6-_001,-6+_001,2_110,2_100,2_010,m_1-10,m_120,m_210			189.221	1451	189.1.1451	I
79.2.516	516	79	2	II	p-62m1'	-62m1'	1131	1,3+_001,3-_001,m_001,-6-_001,-6+_001,2_110,2_100,2_010,m_1-10,m_120,m_210			189.222	1452	189.2.1452	I
79.3.517	517	79	3	III	p-62'm'	-62'm'	1134	1,3+_001,3-_001,m_001,-6-_001,-6+_001,2_110,2_100,2_010,m_1-10,m_120,m_210	7,8,9,10,11,12		189.225	1455	189.5.1455	I
79.4.518	518	79	4	III	p-6'2m'	-6'2m'	1136	1,3+_001,3-_001,m_001,-6-_001,-6+_001,2_110,2_100,2_010,m_1-10,m_120,m_210	4,5,6,10,11,12		189.224	1454	189.4.1454	I
79.5.519	519	79	5	III	p-6'2'm	-6'2'm	1138	1,3+_001,3-_001,m_001,-6-_001,-6+_001,2_110,2_100,2_010,m_1-10,m_120,m_210	4,5,6,7,8,9		189.223	1453	189.3.1453	I
80.1.520	520	80	1	I	p6/mmm	6/mmm	1140	1,3+_001,3-_001,2_001,6-_001,6+_001,2_110,2_100,2_010,2_1-10,2_120,2_210,-1,-3+_001,-3-_001,m_001,-6-_001,-6+_001,m_110,m_100,m_010,m_1-10,m_120,m_210			191.233	1463	191.1.1463	I
80.2.521	521	80	2	II	p6/mmm1'	6/mmm1'	1143	1,3+_001,3-_001,2_001,6-_001,6+_001,2_110,2_100,2_010,2_1-10,2_120,2_210,-1,-3+_001,-3-_001,m_001,-6-_001,-6+_001,m_110,m_100,m_010,m_1-10,m_120,m_210			191.234	1464	191.2.1464	I
80.3.522	522	80	3	III	p6/m'm'm'	6/m'm'm'	1147	1,3+_001,3-_001,2_001,6-_001,6+_001,2_110,2_100,2_010,2_1-10,2_120,2_210,-1,-3+_001,-3-_001,m_001,-6-_001,-6+_001,m_110,m_100,m_010,m_1-10,m_120,m_210	13,14,15,16,17,18,19,20,21,22,23,24		191.241	1471	191.9.1471	I
80.4.523	523	80	4	III	p6/mm'm'	6/mm'm'	1150	1,3+_001,3-_001,2_001,6-_001,6+_001,2_110,2_100,2_010,2_1-10,2_120,2_210,-1,-3+_001,-3-_001,m_001,-6-_001,-6+_001,m_110,m_100,m_010,m_1-10,m_120,m_210	7,8,9,10,11,12,19,20,21,22,23,24		191.240	1470	191.8.1470	I
80.5.524	524	80	5	III	p6/m'mm	6/m'mm	1153	1,3+_001,3-_001,2_001,6-_001,6+_001,2_110,2_100,2_010,2_1-10,2_120,2_210,-1,-3+_001,-3-_001,m_001,-6-_001,-6+_001,m_110,m_100,m_010,m_1-10,m_120,m_210	7,8,9,10,11,12,13,14,15,16,17,18		191.235	1465	191.3.1465	I
80.6.525	525	80	6	III	p6'/m'mm'	6'/m'mm'	1156	1,3+_001,3-_001,2_001,6-_001,6+_001,2_110,2_100,2_010,2_1-10,2_120,2_210,-1,-3+_001,-3-_001,m_001,-6-_001,-6+_001,m_110,m_100,m_010,m_1-10,m_120,m_210	4,5,6,10,11,12,16,17,18,22,23,24		191.239	1469	191.7.1469	I
80.7.526	526	80	7	III	p6'/m'm'm	6'/m'm'm	1159	1,3+_001,3-_001,2_001,6-_001,6+_001,2_110,2_100,2_010,2_1-10,2_120,2_210,-1,-3+_001,-3-_001,m_001,-6-_001,-6+_001,m_110,m_100,m_010,m_1-10,m_120,m_210	4,5,6,7,8,9,16,17,18,19,20,21		191.238	1468	191.6.1468	I
80.8.527	527	80	8	III	p6'/mmm'	6'/mmm'	1162	1,3+_001,3-_001,2_001,6-_001,6+_001,2_110,2_100,2_010,2_1-10,2_120,2_210,-1,-3+_001,-3-_001,m_001,-6-_001,-6+_001,m_110,m_100,m_010,m_1-10,m_120,m_210	4,5,6,7,8,9,13,14,15,22,23,24		191.237	1467	191.5.1467	I
80.9.528	528	80	9	III	p6'/mm'm	6'/mm'm	1165	1,3+_001,3-_001,2_001,6-_001,6+_001,2_110,2_100,2_010,2_1-10,2_120,2_210,-1,-3+_001,-3-_001,m_001,-6-_001,-6+_001,m_110,m_100,m_010,m_1-10,m_120,m_210	4,5,6,10,11,12,13,14,15,19,20,21		191.236	1466	191.4.1466	I
